{
  "Total" : {
    "transaction" : "Total",
    "sampleCount" : 200,
    "errorCount" : 200,
    "errorPct" : 100.0,
    "meanResTime" : 6.224999999999998,
    "medianResTime" : 6.0,
    "minResTime" : 3.0,
    "maxResTime" : 22.0,
    "pct1ResTime" : 8.0,
    "pct2ResTime" : 9.0,
    "pct3ResTime" : 20.99000000000001,
    "throughput" : 41.631973355537056,
    "receivedKBytesPerSec" : 11.94174938853039,
    "sentKBytesPerSec" : 8.914893513218152
  },
  "BorrowBookRequest" : {
    "transaction" : "BorrowBookRequest",
    "sampleCount" : 200,
    "errorCount" : 200,
    "errorPct" : 100.0,
    "meanResTime" : 6.224999999999998,
    "medianResTime" : 6.0,
    "minResTime" : 3.0,
    "maxResTime" : 22.0,
    "pct1ResTime" : 8.0,
    "pct2ResTime" : 9.0,
    "pct3ResTime" : 20.99000000000001,
    "throughput" : 41.631973355537056,
    "receivedKBytesPerSec" : 11.94174938853039,
    "sentKBytesPerSec" : 8.914893513218152
  }
}